command_timestamp,command_width,measurement_timestamp,measured_width
60732.978969744,0.04000047438044552,60732.978478763,0.07
60733.029030877,0.04313295157727174,60732.978478763,0.07
60733.079194629,0.046194227773770025,60733.028978163,0.04000047438044552
60733.129353533,0.049101711689595894,60733.079512499,0.04259268910055546
60733.179516202,0.051783848581348414,60733.129777856,0.045673160115545765
60733.22967587,0.054173807840872085,60733.18003604,0.04861334818739371
60733.279840707,0.05621272314468744,60733.230305322,0.05133604914438747
60733.329995683,0.0578495168449453,60733.280463785,0.05377798599074798
60733.380114474,0.05904337844297445,60733.330618123,0.055877424175517
60733.430172752,0.0597655225859728,60733.380771287,0.05758339222681282
60733.480228603,0.05999984171230645,60733.430919946,0.05885325803687306
60733.530284324,0.05974060114537329,60733.48101771,0.05965423597061972
60733.580339591,0.05899420863373217,60733.531164441,0.0599648606129596
60733.630396178,0.05777904530704724,60733.581314093,0.059777942120331884
60733.680453266,0.05612509483685648,60733.631516705,0.059099227911118574
60733.730510336,0.05407318649307117,60733.681747566,0.05794482073148681
60733.780567297,0.05167396527728291,60733.731966039,0.05634310654708846
60733.830624527,0.04898662322965879,60733.782132417,0.05433507134956272
60733.880633416,0.0460803885468669,60733.832335713,0.05196986281314779
60733.930773633,0.043016224441528646,60733.882488463,0.04930222247603679
60733.980924734,0.03987669075619431,60733.932658887,0.04641058679422891
60734.031084698,0.036739662264225856,60733.982883643,0.04336212824465825
60734.081233932,0.03368406722490758,60734.033143675,0.04022608418556245
60734.131295471,0.030789809886353846,60734.083312729,0.037084258130655544
60734.181452297,0.02811807894606843,60734.133485529,0.034017159290097895
60734.231630421,0.02573981641507986,60734.183736442,0.031095257186827048
60734.281757343,0.023717055839529152,60734.234063533,0.02839489084405049
60734.33182038,0.022099059059507424,60734.284246136,0.025983993057224024
60734.381879041,0.02092303524522739,60734.334407135,0.02392292419864457
60734.43205984,0.020216722059778865,60734.384579798,0.022258288258401614
60734.482242269,0.020001061850681245,60734.434758325,0.021035951947971223
60734.532412842,0.020281309866662423,60734.48498902,0.02028379613081055
60734.582598127,0.02105070470492601,60734.535206299,0.020021208003586005
60734.632697761,0.022287651484211687,60734.585381522,0.02025510402041477
60734.682881813,0.023965641102372502,60734.635562568,0.020978952481048238
60734.733045505,0.026040439728521783,60734.6857371,0.022175179228505933
60734.783201703,0.028460834121950218,60734.736031708,0.023814448062666686
60734.833366194,0.031167602902907234,60734.786203411,0.02585465898128555
60734.883556341,0.034094825086308546,60734.836429851,0.028249820556571027
60734.933719794,0.037166897682525644,60734.886603792,0.03093515556084526
60734.983887003,0.040309422530483315,60734.936775075,0.0338484165576526
60735.034067546,0.04344510271046321,60734.986947596,0.036915197368283754
60735.084241651,0.04649495798976419,60735.037100746,0.04005866909680004
60735.13465422,0.04939700139508516,60735.087455809,0.04319801111231715
60735.184815976,0.05205126010617598,60735.137665057,0.04626111045839347
60735.235087017,0.05441161961589412,60735.187826108,0.049166461674038694
60735.285251896,0.05640945509663102,60735.238027389,0.05184628449961705
60735.335430218,0.05800093976505297,60735.28822116,0.05422737953586339
60735.385523843,0.059144481745398214,60735.338413411,0.05625800929802355
60735.435611565,0.05981480929552295,60735.388675798,0.057884973911046786
60735.485667336,0.05999556289562001,60735.438829581,0.05906517806965786
60735.535742653,0.059682644784098,60735.488985456,0.05977042960311076
60735.585799983,0.058883988723387744,60735.539149079,0.059984419005999205
60735.635845008,0.05761964729564237,60735.589338889,0.05976347734007159
60735.685907829,0.05591999477167785,60735.639526442,0.059085774128769294
60735.736255117,0.05381443627200909,60735.689710453,0.057933270701691186
60735.786340053,0.051377549404992714,60735.739854352,0.05633440146664438
60735.836377757,0.048662233845630676,60735.790029849,0.05433090694777845
60735.886441014,0.045731766024742035,60735.84022418,0.051967409129502866
60735.936504261,0.04265980712435889,60735.890433112,0.049306754940327345
60735.986563967,0.03952241191612318,60735.940619736,0.04641175541176759
60736.036650483,0.03639514760977716,60735.990811216,0.04335833869156942
60736.086922721,0.03334594792983152,60736.041038995,0.040220533615266806
60736.136999681,0.030473164870539846,60736.091208275,0.03708125663960535
60736.187083246,0.027835355896981707,60736.141460983,0.03402171302635802
60736.237166319,0.025498102111965466,60736.191646289,0.03109964473806785
60736.287411198,0.023513360787420817,60736.241869704,0.028403245411899612
60736.337534817,0.021941826674336855,60736.292167557,0.025995343926377982
60736.387650558,0.020817281635067218,60736.342454786,0.02393674922056174
60736.437966212,0.020165646371254457,60736.392709959,0.02227236489844898
60736.488486146,0.020008951622139247,60736.442974384,0.02105110299971799
60736.538695382,0.0203511205722134,60736.493145017,0.020301713079552926
60736.58880995,0.021179146483486063,60736.543428791,0.020042273051990515
60736.638928175,0.02247283676196268,60736.593651672,0.02027854652420837
60736.689210331,0.024206460330493493,60736.643895129,0.02100610158782205
60736.73934578,0.026326636996563894,60736.69425055,0.022203185471435356
60736.789481998,0.028785360077287728,60736.744443835,0.02384317652991389
60736.839744541,0.031528917805361704,60736.794622796,0.025886636945043413
60736.88985775,0.03447423508265201,60736.84489194,0.02827917395462251
60736.940238641,0.03757292438726385,60736.895095252,0.030963801266196484
60736.990498002,0.040724657541935334,60736.945288964,0.03387529821679976
60737.040595997,0.04384841305350465,60736.995486325,0.03693392383398513
60737.090885571,0.04688833885635705,60737.045738742,0.040071626248557965
60737.141178655,0.04975687719371668,60737.095982115,0.04320773904493884
60737.191398387,0.05237873031406186,60737.14622466,0.046263775338662605
60737.241621548,0.05469324484520104,60737.196544744,0.04916382106283629
60737.291877358,0.05664387043793445,60737.24673361,0.05183723138539071
60737.342099958,0.05817960349740418,60737.29703508,0.054218087371664316
60737.392259802,0.0592626475732939,60737.347273535,0.0562422846528048
60737.442567062,0.05986940902875315,60737.397581779,0.05786341928086511
60737.492793423,0.059981122131521694,60737.447819023,0.059040858406661484
60737.542889566,0.05959801188445456,60737.498018137,0.05974476222930345
60737.592949069,0.05873128679342934,60737.548218533,0.05995803046345019
60737.643033231,0.057401475427606756,60737.598468269,0.059675317203311526
60737.693089787,0.0556428221244174,60737.648716128,0.058903412086799
60737.74314936,0.053497980683540274,60737.698973029,0.057654170199250815
60737.793206738,0.05102009841529368,60737.74920949,0.05596883951506218
60737.843264764,0.04827020582301483,60737.799377605,0.05388678364154183
60737.89334646,0.04531476761841241,60737.849552369,0.05145521721785931
60737.943405442,0.04222945335055332,60737.899775644,0.04873971885427446
60737.99346265,0.039089224564308814,60737.950018619,0.045805521914948945
60738.043522029,0.03597133972249935,60738.000219501,0.042728364587676246
60738.093580861,0.032952921299114944,60738.050522736,0.039581138828927526
60738.143662477,0.03010718889445247,60738.100712065,0.036444186663877824
60738.193721164,0.027506969577248165,60738.150913112,0.033398159568088205
60738.243779758,0.02521509513208288,60738.201092434,0.030513528463371443
60738.293838432,0.02328812334495387,60738.251362715,0.027865487036997334
60738.343897627,0.021773604300242524,60738.301581044,0.025521871327436017
60738.393957132,0.02070893555937177,60738.351839466,0.023537706079857845
60738.444006619,0.02012047478256589,60738.40208042,0.021963291631361112
60738.49406545,0.020022509167492937,60738.45233465,0.020837758092198996
60738.544123606,0.020417602936704266,60738.502539164,0.020188861292371886
60738.59418027,0.02129596712824056,60738.552726364,0.020033476798212407
60738.644244148,0.022636153918911696,60738.602949563,0.020375036158261983
60738.694305211,0.02440487638940371,60738.653150276,0.021205374156274222
60738.744362158,0.02655834763480833,60738.703374141,0.02250365450228467
60738.794428281,0.029044032112944013,60738.753666799,0.024237411517253296
60738.844496631,0.0318003290325244,60738.803943115,0.026363650189134204
60738.894580382,0.03476001417034273,60738.85411613,0.0288274606882501
60738.944642425,0.037847800821518014,60738.904396458,0.03157441940886385
60738.994752524,0.040991728831107174,60738.95464316,0.03452712299895695
60739.044814101,0.04410814607618908,60739.004835038,0.03761764646796547
60739.094877655,0.04712327440858479,60739.055097472,0.04076710177734014
60739.144958172,0.049963482988853454,60739.105290168,0.04389868388229078
60739.195115339,0.05256131643570401,60739.155478981,0.04693303404222124
60739.245186144,0.0548442691288689,60739.205808157,0.04979599475258131
60739.295307189,0.0567623949729017,60739.256003292,0.0524125731174669
60739.345375151,0.05826441954136205,60739.306181554,0.054723572661686905
60739.395447947,0.05931557137311539,60739.356363383,0.05666666871601169
60739.445505275,0.05988962473251665,60739.406599455,0.058196875178720416
60739.495638832,0.0599725578959108,60739.456782,0.059271963855957725
60739.545699397,0.05956203008460679,60739.50703809,0.05986836975246694
60739.595861759,0.05866635937885173,60739.557224074,0.0599697967506822
60739.645922938,0.057311261973309026,60739.607577998,0.05957416439177111
60739.696032836,0.055526932979432515,60739.657781391,0.05868929759525631
60739.746158649,0.05335785610765132,60739.708079911,0.05733926519665112
60739.796324217,0.05085611277931962,60739.758379398,0.05555931173457727
60739.846502914,0.04808453181011095,60739.808589861,0.05339094082024661
60739.896730391,0.04510949716263976,60739.858902624,0.05088911973013881
60739.946811607,0.042016647960647906,60739.909101449,0.048110895254589704
60739.996956896,0.03886996166154034,60739.959300203,0.045137227936950575
60740.047007326,0.03575708657837115,60740.009465879,0.04202845113925998
60740.097095313,0.03274669735110479,60740.05974282,0.03887196465324992
60740.147185034,0.029915442255765097,60740.109934186,0.03574138950571585
60740.197243792,0.02733489818063945,60740.160147764,0.03272079068767933
60740.247301272,0.025066996243111688,60740.210363632,0.02987947623240851
60740.297391313,0.023166533745797042,60740.260574419,0.027294873702887166
60740.347450369,0.02168283975465088,60740.310790353,0.02502412359557538
60740.397509417,0.020651239037778255,60740.36102551,0.02312711345051101
60740.447599155,0.020097002883417443,60740.411256924,0.021650674568065225
60740.497658784,0.020034490515815254,60740.461506658,0.0206319545459861
60740.547746505,0.02046514449981211,60740.511776823,0.020094541611474153
60740.597805861,0.021377847118828695,60740.56211108,0.0200531566701114
60740.647865375,0.022750181051536943,60740.612366107,0.020508781031136715
60740.697927924,0.024548393503183132,60740.662591077,0.021451512220185164
60740.747988107,0.02672791512902998,60740.712920448,0.02285449877265787
60740.798047005,0.029234957055256763,60740.763494532,0.0246862430587185
60740.84810747,0.0320077838861106,60740.813736071,0.026900179896235957
60740.898168657,0.03497792478690973,60740.8639855,0.02943669667754114
60740.948230087,0.0380720432608579,60740.914177826,0.03223943200648521
60740.998291187,0.041213730212763866,60740.964375297,0.03523413079160065
60741.048352725,0.04432548503212713,60741.014632935,0.038348028206761496
60741.09841411,0.04733046131844502,60741.064882424,0.04150217812191332
60741.14849124,0.05015534703893433,60741.115205819,0.04461441392280168
60741.198562905,0.052729139081699225,60741.165410551,0.047615276975093435
60741.249610758,0.05502913900771735,60741.215671378,0.05042665627460413
60741.299671114,0.05691038381334222,60741.266005871,0.052937496856925684
60741.349735075,0.05837432450324411,60741.316304407,0.055208461219064094
60741.399912624,0.05938642793084856,60741.366528366,0.057053900448491596
60741.450075481,0.05991770036269772,60741.416696964,0.058474422159660755
60741.500268034,0.059955214758746725,60741.466878262,0.05943956608635645
60741.550464117,0.05949753216811282,60741.517149462,0.059921514351557945
60741.600637486,0.05855652293202899,60741.567340849,0.059908696678244056
60741.650835039,0.05715464181049585,60741.617524495,0.05940238047595246
60741.701016027,0.05532768754414591,60741.667718348,0.05841440773791082
60741.751195799,0.05312064080239635,60741.717908093,0.0569664002987713
60741.8012605,0.05059433090112815,60741.768163237,0.0551013820474452
60741.851328931,0.04780626345979975,60741.818373877,0.05284764780468647
60741.901387651,0.04482604662114968,60741.868665034,0.05027982563005555
60741.951603958,0.0417168530712861,60741.918947258,0.04745503364027354
60742.001673101,0.03857424200712855,60741.969212733,0.04446331230696296
60742.051757179,0.03546592083259731,60742.019536707,0.04133575818091628
60742.10182952,0.03247030193968468,60742.069720591,0.03818105995537273
60742.151890737,0.029661223285137324,60742.12003479,0.03508037419615578
60742.201973058,0.027106328402691806,60742.17029705,0.03209777170415113
60742.2520076,0.024871926116476664,60742.220701562,0.029313305313553372
60742.302084068,0.023009151226477495,60742.271019106,0.026793079144797394
60742.352146485,0.021566367920009325,60742.321291922,0.024605379980798057
60742.402211514,0.020578574228016615,60742.371608087,0.02279631720029567
60742.452275291,0.020070249250528728,60742.421795786,0.021416546524467332
60742.50236119,0.020054013039262294,60742.472150863,0.020499157427259156
60742.553687779,0.020548583753706936,60742.522360387,0.020067647782472754
60742.603750012,0.021517311600849572,60742.572713114,0.020123054299885493
60742.653814446,0.022942348049262318,60742.623057071,0.020688405959348042
60742.703893321,0.02478907061065393,60742.673265771,0.02172852121197863
60742.754073724,0.02701636847915522,60742.72349188,0.023223225095688926
60742.804143786,0.029559758826952616,60742.773782112,0.02512770857788001
60742.85420495,0.03236042533561892,60742.824107329,0.027412339817166242
60742.904264547,0.035349567326211986,60742.874415978,0.030006145355001748
60742.954324066,0.03845348609199719,60742.924635601,0.032847903877502936
60743.004385507,0.04159569606823718,60742.974902807,0.03586401932738979
60743.054441955,0.044698213346798236,60743.025153181,0.03898748211614279
60743.104503086,0.047685055855868255,60743.075392283,0.04213306273373865
60743.154593544,0.05048377400609315,60743.125590233,0.045226982379743666
60743.204670453,0.05302276778249433,60743.175796139,0.04818896035706767
60743.254771443,0.05524109236229332,60743.226128085,0.05094562982137224
60743.304941499,0.057084872676747084,60743.276330532,0.05343333529590756
60743.355094136,0.05850469097678494,60743.326548906,0.05558428223537559
60743.405270919,0.05946643010486094,60743.376759289,0.05734992466924741
60743.45541712,0.05994531076623866,60743.430289746,0.05868745551435408
60743.505688783,0.05992954178215516,60743.480481896,0.05955889019928224
60743.55600724,0.059417000917118955,60743.530767379,0.059942278990450966
60743.606290113,0.05842112287510896,60743.581052059,0.05983122359995261
60743.656568065,0.05696668322461457,60743.631234391,0.059224569135857386
60743.706945012,0.05508573642741465,60743.681422712,0.0581411442604552
60743.757107247,0.052838065951970326,60743.731664549,0.056604606533811636
60743.807168179,0.050277690052464095,60743.781865589,0.05464436501741367
60743.857328401,0.04745783915363348,60743.832191667,0.0523268435311746
60743.907485178,0.04445338617363471,60743.882831271,0.04969929921146864
60743.957642714,0.04133854114296701,60743.933067901,0.04683464043444599
60744.007791075,0.03819110331778516,60743.983258363,0.04380343880912981
60744.057849545,0.03509394595827354,60744.033690851,0.04067934327527562
60744.107960954,0.03211481711351962,60744.083914527,0.037530470981065454
60744.158122985,0.029328021908577244,60744.134095327,0.034448722002849895
60744.208182939,0.026810529255480466,60744.184294468,0.03150839838224443
60744.258243777,0.024618547351250783,60744.234541719,0.02877235267299496
60744.308303509,0.022806263693718038,60744.284791171,0.026321822813054025
60744.358361735,0.021418391945341266,60744.335103842,0.024207676512981655
60744.408420662,0.02048911542777555,60744.385300161,0.02248680193135768
60744.458579704,0.020040988858322017,60744.435602319,0.02120183009331089
60744.50863863,0.020086857761436077,60744.485900953,0.020385004332879684
60744.558796372,0.020625748330220694,60744.536188168,0.020051827641592412
60744.608854963,0.021642232735076556,60744.586485655,0.02021521700050987
60744.659031843,0.023115786766490988,60744.636665034,0.020871970026113504
60744.709062149,0.025001932622120065,60744.686906031,0.02199916713051041
60744.75911904,0.02725911510237243,60744.737104367,0.02358226805768804
60744.809133257,0.029828424586529546,60744.787363332,0.02556939321831694
60744.859189592,0.03265079531968388,60744.837573979,0.027922486094728565
60744.909245836,0.03565452944904547,60744.887812306,0.03056548754998021
60744.959304068,0.03876562851937489,60744.938018989,0.033448670367734856
60745.009362609,0.041907211931440154,60744.988392152,0.03649455930040231
60745.059422092,0.04500178095732338,60745.038608355,0.03962789131591676
60745.109482449,0.047972947290804965,60745.088766146,0.042772422980259656
60745.159543586,0.05074736125245935,60745.138912428,0.0458441322837021
60745.209655739,0.05325889326435321,60745.189080626,0.04877365398027338
60745.259806692,0.055444033174214424,60745.239326455,0.0514797412161704
60745.309938503,0.057245985798992,60745.289576059,0.053900485260203926
60745.360082597,0.05862132933406365,60745.339855032,0.055980128531767745
60745.410156497,0.05953456734264484,60745.390083151,0.05766031981196424
60745.460365997,0.05996587878444122,60745.440355394,0.05889971708268499
60745.510433675,0.05990232570287346,60745.490575746,0.05966666860875831
60745.560509443,0.059347257699145346,60745.540778291,0.05994615155329966
60745.610578973,0.058314511561080674,60745.591030573,0.05972745486976328
60745.660761627,0.05682570751482897,60745.641225377,0.05901677507243944
60745.710907818,0.05492109815019417,60745.691463868,0.05783608357681218
60745.76104089,0.05264757323180702,60745.741654592,0.056207301500015835
60745.811130038,0.05006335174024236,60745.791893256,0.05417663046030298
60745.861335254,0.047223654568525626,60745.842066041,0.05179063153347813
60745.911471546,0.04420886075335487,60745.892302185,0.04911350688516403
60745.961638434,0.04108794667571638,60745.942513005,0.04620752669441248
60746.011764321,0.03794262746750312,60745.992809441,0.04314964498571168
60746.061905556,0.03484729069157954,60746.043049698,0.04000719882904412
60746.113120219,0.03181795739471884,60746.093242557,0.036870381574626444
60746.163183235,0.029060483763380072,60746.143467305,0.033856952561659354
60746.213241018,0.02657329902177686,60746.193731356,0.030907528999057916
60746.26330104,0.024417399041329668,60746.243983834,0.028231546973199136
60746.31335952,0.02264616243370545,60746.294201055,0.02585065221424708
60746.363433569,0.021302885663662736,60746.34444112,0.02381412212293328
60746.413503363,0.020421410327781882,60746.394668455,0.02218390089436864
60746.463616816,0.02002323650537041,60746.444914764,0.020996316545715515
60746.513715362,0.02011908500815439,60746.49515384,0.020282263484488704
60746.563789912,0.020705998084241277,60746.545406721,0.020057059156977624
60746.613857523,0.02176922905752322,60746.595650519,0.020328024502102006
60746.663912983,0.023282155383804005,60746.645843397,0.021087438235125128
60746.713976781,0.025207994950955506,60746.696026345,0.022317200836223412
60746.764005369,0.02749726411268394,60746.746224193,0.02398401813901671
60746.814173372,0.030102354426453946,60746.796458285,0.026053241887039183
60746.864265484,0.032948332407351136,60746.846712834,0.028462096563267533
60746.914433063,0.03597322938666572,60746.896910396,0.031166493939552373
60746.964540289,0.03909415497700039,60746.947135085,0.03408304797569688
60747.014611179,0.04223521230878873,60746.997420538,0.037152463193494474
60747.064696289,0.04532193670153042,60747.047635007,0.040293648381596416
60747.114808307,0.04827871083220845,60747.09783015,0.04342553768721683
60747.165276466,0.05104938198907297,60747.148032893,0.04647106520564269
60747.215455499,0.05352949934943827,60747.198300468,0.049342594251093
60747.265713507,0.0556771721579182,60747.24848857,0.05200625447041729
60747.315772217,0.057428696194181436,60747.298686459,0.0543587927504503
60747.365954929,0.058752771315365965,60747.348942269,0.05635857074141611
60747.416107363,0.05961134394332626,60747.399196089,0.057945382931672965
60747.466489284,0.0599846474771604,60747.449473709,0.05908886540886553
60747.516655606,0.05985993710723208,60747.499706546,0.05975636887955483
60747.566858302,0.05924233416251991,60747.550017319,0.05993593002961517
60747.617157861,0.058144520477628386,60747.600197667,0.0596177881105554
60747.667320459,0.05659937194180659,60747.650463209,0.05881248677316514
60747.717480705,0.054642935271467144,60747.700718074,0.05753824340783685
60747.767778632,0.05231681638876458,60747.750982551,0.05582963275053409
60747.818243465,0.04967462208588394,60747.801274938,0.05373117050026882
60747.868392512,0.046808425588617426,60747.851457911,0.05129466856778163
60747.918591775,0.04377048561267463,60747.901721961,0.04855886716412389
60747.968883028,0.0406331868541622,60747.952107574,0.045624650839660025
60748.019162892,0.037480825035942515,60748.002305996,0.042546760521793736
60748.069389786,0.03439438328951311,60748.052520616,0.03940663124207255
60748.119573537,0.03144967384769912,60748.102684703,0.036281441056907296
60748.169695761,0.028720241049272087,60748.152885744,0.03324917989824063
60748.219864375,0.026267790827619927,60748.203025537,0.030380025237566687
60748.270138662,0.024151701909092663,60748.253223621,0.027756330504730406
60748.320429901,0.022429626143537818,60748.303467314,0.0254367606416952
60748.370604737,0.021147676194935603,60748.353787842,0.02347706732790184
60748.421112303,0.020329389022081902,60748.403989276,0.021926450558756538
60748.471171005,0.020005990809939835,60748.45432449,0.02083031168147028
60748.521648226,0.02017956445794536,60748.504508248,0.020202578949511062
60748.571803696,0.020844701052947914,60748.554743058,0.020073245394790655
60748.622098115,0.021988229523349744,60748.605016854,0.020438506111840594
60748.672332508,0.023578342017625917,60748.655268438,0.02128866123003916
60748.722653766,0.02558038388855117,60748.705465603,0.022606672866215288
60748.77277593,0.027932074394002943,60748.755674174,0.0243537929352833
60748.822846194,0.03057949140689669,60748.805998469,0.026493718725448475
60748.873110178,0.033471027412518416,60748.856316738,0.02897405251221709
60748.923547874,0.03653577606259808,60748.906520959,0.03171469733904718
60748.973774859,0.03967408455563001,60748.956760078,0.03466191965838867
60749.023866947,0.04281209967093817,60749.00695869,0.03775344138992011
60749.073923285,0.04587846981022404,60749.057203835,0.04090217287944322
60749.123982284,0.04879991695254667,60749.107459588,0.0441153119472816
60749.174005867,0.05150234998069353,60749.157697326,0.04713255054375627
60749.224044709,0.05392197864050809,60749.208005218,0.0499724937796418
60749.274101355,0.05599894156144013,60749.258342138,0.05255974086789742
60749.324134566,0.05768037790136091,60749.308599083,0.05483569976301482
60749.374191266,0.05892636442564988,60749.35884301,0.056745610809309115
60749.424247272,0.059705258211581236,60749.409088342,0.05823816734314411
60749.474303164,0.05999785768659516,60749.459334607,0.05927797244044203
60749.524361111,0.05979692595967952,60749.509563121,0.05983833149309278
60749.574416517,0.05910744716535607,60749.559838294,0.05990557359827953
60749.62447336,0.057946398613169796,60749.610035967,0.059477261941061024
60749.67452774,0.05634253612174406,60749.660242317,0.05856604945929532
60749.724582961,0.054335355318741625,60749.710499885,0.05719291283578883
60749.774643168,0.0519741610585401,60749.760784325,0.05539249742436679
60749.824767313,0.049313859239428194,60749.811102111,0.05321057502626446
60749.874919892,0.04642138944452816,60749.861433983,0.050699126494951834
60749.925071092,0.043369924656952885,60749.911708301,0.047924384260261625
60749.975223276,0.04023491774429923,60749.962017689,0.04494987730812794
60750.025294736,0.03709910949345385,60750.012210267,0.0418490121060632
60750.075350462,0.034035878302253075,60750.062384259,0.038700142554917175
60750.125406098,0.031119835504265385,60750.112689616,0.035584289472205696
60750.175481701,0.028421914718978154,60750.163020313,0.03258039181913085
60750.225539895,0.026010727551122884,60750.213359334,0.02976435947095136
60750.27560002,0.023944730988553854,60750.263668603,0.02719698703082253
60750.325658851,0.02227505548305458,60750.31391219,0.024953315553949605
60750.375771885,0.021041767390618433,60750.364147066,0.023082930681063887
60750.425836824,0.02027790434669324,60750.414368137,0.021635965519696217
60750.475943715,0.02000089923418547,60750.464580905,0.02064303751192215
60750.526111764,0.02021900851666526,60750.514776791,0.020132509460033407
60750.576309113,0.020928018457363685,60750.565024359,0.020115836819337016
60750.626370212,0.022106524682170246,60750.615292231,0.02059289465657689
60750.676644131,0.023734480057007658,60750.665493808,0.021553822916852212
60750.726809183,0.025762532848129065,60750.715788843,0.022970518921659407
60750.776841088,0.02813673661431134,60750.766036123,0.0248151364641298
60750.826897777,0.03080480829720976,60750.816265713,0.027040254575147325
60750.876951764,0.033699647633374616,60750.866467613,0.029583877617436888
60750.927017,0.03675065445917277,60750.916719855,0.03238827539772868
60750.977081316,0.039881821637541864,60750.966921119,0.03538397694238982
60751.02710931,0.043013650133808534,60751.017133142,0.038494745451015326
60751.077205727,0.04607528575442636,60751.067309782,0.041640756112995544
60751.127263267,0.048984569083380475,60751.117505379,0.04474142094284224
60751.177322803,0.05167221591732212,60751.167720461,0.04773350632365865
60751.227396177,0.05407238845220758,60751.217937646,0.05053007647503733
60751.27757768,0.056129054624326505,60751.268081883,0.05306299354050681
60751.327707145,0.057784191706514415,60751.31829627,0.055267295990982804
60751.377754733,0.05899754933392343,60751.368555462,0.05709735493635909
60751.427897256,0.0597431889317869,60751.41878065,0.05849837104539204
60751.478408003,0.05999996968772221,60751.46898964,0.059438055477069804
60751.52846759,0.05975860445893352,60751.519196512,0.05989331574423247
60751.578581594,0.059028506498671154,60751.569400201,0.05985808735701771
60751.628705224,0.05782745476183372,60751.61966986,0.05932842755762363
60751.678928765,0.05618157438584743,60751.669878639,0.05832022025064729
60751.729094522,0.054136255223664644,60751.720200997,0.05685631278956548
60751.779200932,0.0517435662018851,60751.770456923,0.054971916305423155
60751.829562426,0.04904619072893724,60751.820778193,0.05271497291709286
60751.879710149,0.04613562758648547,60751.871116892,0.050148553921474305
60751.929903801,0.043070241178026276,60751.921278581,0.047319786358865135
60751.980131941,0.039926502793565556,60751.971487482,0.044317354033586775
60752.030422476,0.03678072133875739,60752.021667852,0.04120531696911919
60752.0805104,0.033727217987006064,60752.071867672,0.03806280388551796
60752.130726769,0.03082154278264295,60752.122056225,0.03496909923605644
60752.181083813,0.028136710664386402,60752.172245107,0.03200324898383051
60752.231183564,0.025759516678234826,60752.222448949,0.029233452126983944
60752.281591102,0.02372312317178496,60752.272698661,0.026723559553145308
60752.331660124,0.022103551898282683,60752.322905231,0.024557979467149032
60752.381772326,0.020925049786045386,60752.373121227,0.02276223104942273
60752.432114862,0.02021621479452847,60752.423353785,0.021400583614296337
60752.482351951,0.020001134051492016,60752.473605431,0.02050335676129377
60752.532655158,0.02028386019396938,60752.523894204,0.020088248721059368
60752.582889273,0.021056563910050542,60752.574120926,0.02016890072491823
60752.633195177,0.022302187747164942,60752.624301635,0.02074264145035569
60752.683403799,0.023985265711234157,60752.674527705,0.021794220328524266
60752.733622103,0.026066406699018767,60752.724727089,0.023301229165053762
60752.783967327,0.02850015882688308,60752.774996724,0.02522333219777359
60752.834126569,0.03121049259193167,60752.825194258,0.02751305748760359
60752.884200825,0.03413352595139687,60752.875422558,0.030120704028411292
60752.934256477,0.03720028244302558,60752.925692125,0.032969256158573684
